{
  "val_ts_auc": 0.60658,
  "arch": "gru",
  "hidden": 128,
  "epochs": 40,
  "best_epoch": 7,
  "n_features": 151,
  "parity_maxdiff": 7.745523983304636e-07
}