{
  "val_ts_auc": 0.59984,
  "hidden": 96,
  "epochs": 40,
  "best_epoch": 7,
  "n_features": 152,
  "parity_maxdiff": 4.6029810674141913e-07
}