{
  "val_ts_auc": 0.60117,
  "arch": "gru",
  "hidden": 144,
  "epochs": 14,
  "best_epoch": 7,
  "n_features": 152,
  "parity_maxdiff": 6.746187803940984e-07
}