{
  "val_ts_auc": 0.57759,
  "blend_weight": 0.2,
  "blend_val": 0.60414,
  "members": [
    "003",
    "008",
    "009",
    "015"
  ]
}