{
  "val_ts_auc": 0.60318,
  "arch": "gru",
  "hidden": 112,
  "epochs": 14,
  "best_epoch": 7,
  "n_features": 152,
  "parity_maxdiff": 4.958878783156706e-07
}